-0.644401, 1.24356, 0.254262, -0.0868726, 0.152577, -0.677986, -0.253065, 0.00323975, 0.903778, 0.556214, -0.217132, -0.214456, -0.849907, -0.724238, 0.673744, 0.925112, 1
-1.27491, 1.84991, 1.37156, -0.0884438, 1.35453, -0.930704, -0.799896, -1.36979, -0.638722, -0.3222, 2.44428, 1.24103, -0.0866451, -1.4701, 0.432504, 1.00175, 1
-1.27879, 0.946647, 0.919118, -0.845514, 0.0521408, -1.4565, -0.52148, -0.6289, 0.468216, -0.328088, -0.115405, 0.302631, 1.36512, -0.137958, -0.210745, 1.60187, 1
-0.89, -1.02022, 0.267064, 1.64038, -0.897979, -2.54167, -1.87485, -0.433452, 0.655614, -0.885201, -2.17439, 0.163802, 0.408359, -1.03544, 0.304826, 0.892122, 1
-1.91723, 0.193627, 1.6612, 1.6424, 0.471842, -1.94935, -1.52435, -1.71501, -0.420898, -0.906475, 0.668129, 0.283166, 0.287318, -1.98681, -0.51894, 1.49938, 1
-1.43343, 2.01307, 0.319402, 1.29443, -0.9836, -3.29695, -2.12522, -1.38388, 0.342148, -0.0677396, -1.00092, -0.464139, 1.78754, -0.792976, 1.26068, 0.759036, 1
-1.2699, 1.84395, -0.00252486, 0.650457, 0.892936, -2.44377, -1.64557, -0.16747, 0.614662, 1.22347, 0.06753, 0.297473, -0.273972, -0.501737, 0.883181, 1.67827, 1
-2.17329, -1.13368, 0.894279, 0.976439, -0.474859, -2.4028, -1.70848, -1.32574, 0.224084, -0.713327, -0.350334, 0.0294631, 0.121622, -1.45184, 0.444996, 3.38895, 1
-1.43054, 0.330786, 0.684721, 1.70283, 0.567126, -3.72083, -2.53159, -1.15364, 0.369354, 2.02922, -0.539466, 0.320539, 0.229506, -1.95737, 0.816116, 3.11584, 1
-0.876137, 0.160292, 1.53472, 1.01263, 1.14562, -2.07209, -0.811838, -1.25909, 0.401811, -0.451982, -1.11138, 0.32346, 0.583305, -0.440326, -0.681137, 2.5659, 1
-1.16698, 1.69074, -0.155196, 0.814942, 0.911095, -1.07636, -0.554526, -1.15358, 1.81391, -0.0947046, 0.00425601, 1.15413, 0.227262, 1.0236, -0.377593, 1.40411, 2
-0.337628, 1.52476, 0.385356, -0.79341, 0.199035, -1.06379, 0.680804, -1.41551, 1.07992, -0.120749, -0.492144, 0.421116, 0.7868, 0.794296, 0.463873, 1.20891, 2
-1.01953, 1.4542, -0.217672, 0.530447, -0.316014, -1.77691, -0.235328, -1.48822, 1.87187, -0.927209, -0.291835, 0.382319, 1.23491, 1.43467, 0.0633583, 1.87268, 2
-0.102222, 2.55555, 0.370212, -0.217791, 0.751761, -1.2048, -0.405172, -1.58496, 1.30674, 0.33424, -0.91657, 0.597716, 0.563478, 1.15094, 0.519285, 1.8648, 2
-1.53883, 2.4496, -0.408423, 1.33687, 0.873245, -1.91696, -1.61164, -1.64367, 0.692627, -0.741045, 0.130862, 1.21164, 0.853518, 1.58761, 0.470877, 1.88297, 2
-0.144366, 2.96963, 0.570891, -0.82634, 0.125726, -1.07503, 0.786518, -1.09879, 0.7126, -0.194207, -0.844385, 0.382501, 1.04526, 1.14084, 0.653561, 1.70322, 2
-2.34431, 1.35555, 0.378127, 0.919701, -0.331262, -1.83127, -0.919089, -1.70815, 1.41942, -1.73214, 0.481972, 0.821464, 1.55208, 0.763057, 0.0198022, 1.99592, 2
-1.68183, 2.62268, 0.562358, 0.45266, -0.321286, -2.37215, -0.841321, -1.7442, 1.65684, -0.881291, 0.165699, 1.09132, 1.23961, 1.26087, 0.601707, 2.04513, 2
-0.00925475, 2.20808, 0.580153, -0.229535, -0.121172, -1.65105, -1.2889, -1.13335, 0.814028, -0.169763, 0.216364, 0.85343, 1.94066, 1.68222, -0.555662, 1.8501, 2
-2.02778, 2.67754, 1.28429, 0.945083, -0.679537, -2.31173, -1.04617, -1.88016, 0.793125, -0.360029, 0.254048, 0.74919, 1.44859, 1.36614, -0.578531, 2.3186, 2
0.434817, -0.912977, -0.349662, -1.17918, -1.58859, 0.627157, 0.141682, 0.477918, 0.510995, 0.668675, -0.42983, -1.35849, 0.296783, -0.221632, -0.0105399, -0.843235, 3
-0.0048455, -1.17915, -0.444613, -0.925913, -1.4757, 0.265484, 0.262389, 0.391519, -0.601284, 1.34346, -0.831683, -1.2341, 0.719219, -0.0166383, -0.0223059, -0.554472, 3
0.501887, -1.02136, -0.188538, -0.0970768, -1.04309, -0.274407, -0.135097, 0.245537, -0.71713, 0.633654, -0.229808, -0.935215, 0.18712, -0.345676, 0.189111, -0.222479, 3
-1.28265, 0.980673, 0.716347, -1.20554, -0.985249, -0.73138, -0.147638, -0.413208, -0.476803, -0.905537, 0.144587, -0.410118, 0.41618, -0.230735, 0.265208, -0.163465, 3
-2.16908, 0.528871, 1.65553, -0.895128, -0.955542, -1.89661, -0.800437, -1.07353, -0.708225, -0.157937, -0.142224, -0.0303183, 0.409668, 0.978355, 1.08212, 0.528698, 3
0.192559, -0.228242, -0.445984, -0.509947, 0.169644, -0.245479, 0.238181, -0.338928, 1.26583, 0.731386, 0.0402237, -1.06063, 0.458513, 0.101783, -0.161071, -0.00286271, 3
-0.22257, 0.420241, -0.0565801, -0.101677, -0.304672, -1.18959, 0.359483, 0.214772, 0.0148645, 0.185445, -1.06912, -1.44097, -0.229891, 0.220905, -0.328516, 0.226849, 3
-0.905613, 0.0460937, 0.195874, 0.184306, 0.240283, -1.05665, -0.20548, 0.548743, 1.01564, 0.568432, -0.846707, -1.23434, -0.279764, 0.113204, -0.00332411, 0.788216, 3
0.968169, -0.303493, 0.833241, 0.693191, -0.347581, -1.00953, 0.643198, 0.812352, -0.00699042, 0.176565, -0.764143, -0.609368, 0.463764, 0.156528, -0.0160436, 0.155134, 3
0.425058, -0.91483, 0.750123, 0.716439, -0.540449, -1.68947, -0.00994277, 0.471069, -0.71281, 0.432009, -0.746178, -0.711271, 0.727529, -0.185889, -0.342896, 0.442149, 3
-0.0492867, -0.243504, 0.213249, -0.241622, -0.818556, -0.0866587, 0.387257, 0.301103, 0.0147136, -0.710225, 0.266455, 0.579845, -0.0404155, -0.47122, -0.63082, -0.013221, 4
-0.200583, 0.24892, 1.00531, -0.528688, -0.395248, -0.6337, 0.584019, 0.113253, -1.26028, -1.35559, -0.74712, -0.242978, 0.714057, -0.188622, -0.17919, 0.310969, 4
-0.0267488, 0.191284, 1.73111, -0.4431, -0.48253, -1.16294, -0.0551992, 0.02478, 0.553208, -0.0218526, 0.318905, 0.408021, -0.597856, -0.30665, -0.651974, 0.465917, 4
-0.808871, 0.242846, 0.736116, 0.659759, -1.64206, -0.9636, -0.0397121, 0.352125, -0.897165, -0.236634, -0.146083, -0.371781, 0.022062, -0.477751, 0.263674, 0.855623, 4
0.0630127, 0.838087, 1.42391, 1.49875, -0.0654496, -1.63762, -0.50761, 0.402336, -0.326923, 0.318831, -1.12764, -0.5589, 0.606393, -0.461456, 0.964296, 1.41419, 4
-1.82317, 1.32813, 2.27529, 0.396146, -0.751616, -2.14644, -0.642562, 0.0911979, 0.788068, 0.38777, -0.289273, -0.727867, 0.361172, -0.490799, 0.723155, 1.08509, 4
-0.748573, 0.64915, 1.15833, 0.556411, -0.618668, -1.22086, 0.424033, -0.00142585, 0.69671, -0.512643, -0.211323, -0.243501, 0.548983, 0.194448, -0.104665, 0.970639, 4
-0.83178, 1.03662, 2.30312, 0.670906, -0.486115, -1.77598, -0.0920657, -0.180568, -0.276762, 0.0445328, 0.555795, -0.105314, -0.0291736, -0.330841, -0.477603, 1.01359, 4
-0.268336, 1.15599, 1.4462, 0.127354, -0.960955, -1.33321, 0.425683, 0.183687, -0.244804, -0.66536, -0.511476, -0.435147, 0.876453, -0.0360779, 0.0763916, 1.12548, 4
-0.826803, 0.935286, 0.560083, 2.23733, 0.0853926, -1.4462, -1.64598, 0.961594, 0.217649, -0.203953, -1.33406, -1.34782, 0.870832, -0.344286, 0.11244, 1.39643, 4
-1.33313, 0.489063, 0.485908, -1.45086, 0.245736, -0.620162, -0.224208, -0.437721, -0.281692, -0.188937, 1.10332, 0.382593, 0.494947, 0.0830486, 1.43565, 0.0873572, 5
-0.586815, 0.601886, 0.437051, -0.899597, -0.23336, -0.537642, -0.877978, -0.609697, -0.289629, -0.54029, 1.7446, 0.130991, 1.17036, 0.271682, 0.886444, 0.352742, 5
-0.568099, 0.407629, 0.0126175, -0.514689, 0.33321, -0.229705, -0.956422, -0.0470504, -0.743361, 0.0701156, 1.01429, -0.180754, 0.704851, 0.463505, 1.3747, 0.289283, 5
-1.26583, 1.25606, 0.502497, -0.516155, 0.17288, -1.08768, -0.354023, -0.631518, -0.60947, -0.144555, 1.18165, 0.747296, 1.02121, 0.554672, 1.3716, 0.570155, 5
-0.846111, 1.17234, 0.432671, 0.78875, 0.454539, -1.64919, -1.23455, -0.127357, 0.578818, -0.0733966, 0.239335, -0.440322, 1.0541, 0.0690903, 2.10789, 0.913335, 5
-1.25122, 0.992314, 1.10211, 0.527035, 0.12297, -1.98599, -1.41723, -0.447263, 0.340796, 0.171942, -0.187214, -0.290625, 0.937101, 0.193659, 1.83513, 1.15308, 5
-1.6351, 1.71704, 0.873039, -0.0661355, -0.224649, -2.10224, -1.49231, -1.11041, -0.536455, -0.370208, 1.89386, 0.0194557, 1.60329, 0.575286, 1.38168, 0.985027, 5
-0.166808, 0.659427, 0.786115, 0.868487, 0.743072, -0.82007, -1.52103, 0.0948508, -0.577318, -0.920393, 0.731342, -0.496091, 0.637697, 0.125024, 0.808583, 0.734534, 5
-1.73557, 0.686143, 1.14749, 0.821422, 0.460343, -1.27539, -1.88518, 0.0780192, -0.0577034, -0.655971, 0.431207, -0.773613, 0.0904285, 0.516717, 0.89369, 1.05203, 5
-1.72458, 0.873687, 1.08592, 0.980735, 0.394289, -1.90664, -0.965267, -0.538961, 0.351501, -0.717304, 0.808507, -0.289612, 1.21173, -0.0944961, 1.10605, 1.22129, 5
1.32195, 0.391535, -0.908934, 0.182947, 1.56285, 1.0648, 0.412026, 1.83112, -1.15219, 0.662513, 1.24424, 0.0714487, -0.0984211, -0.755041, 0.0446564, -0.193883, 6
0.953867, 0.436485, -1.57308, 0.630275, 0.771152, 0.994769, 0.540135, 1.49594, -0.549313, 0.962818, 1.36848, 0.940561, -0.317972, -0.233489, 0.662587, 0.00162432, 6
0.747735, 0.823502, -0.678389, 0.173117, 0.271379, 0.335871, -0.336133, 0.521907, -0.426023, 0.663753, 1.2475, 0.406639, -0.0199728, -0.057568, -0.237854, 0.329703, 6
1.0418, 1.57759, -0.11984, 1.08534, 0.752828, -0.427707, -0.764974, 1.502, 0.23071, 0.0775256, 0.897271, 0.537436, 0.0908236, -0.174082, 1.11062, 0.797891, 6
0.119988, 1.59745, -0.118852, 1.83925, 1.47028, -1.00028, -1.22725, 0.982359, 0.857539, 0.462673, 0.453192, 0.292504, 0.635376, 0.0261043, 0.681428, 1.38103, 6
1.23731, 1.89369, -0.436124, 2.24161, 0.959591, -1.24919, -0.744186, 0.414676, 0.0902975, 0.742578, 1.01626, 0.960638, 0.402597, 0.0454974, 0.599649, 1.54202, 6
-0.222002, 1.54283, -0.0986421, 2.34609, 1.6424, -2.12612, -1.53624, 0.464734, -0.0673139, -0.25175, 0.153399, 0.553145, 1.07758, 0.362632, 0.0299612, 1.99238, 6
0.200639, 2.5794, -0.0991437, 3.33606, 1.25601, -2.55533, -1.59446, 0.764383, -0.792271, 1.2096, 1.31215, 0.531594, 1.27293, 0.364647, 0.657079, 2.32962, 6
-0.783784, 4.1159, -0.232799, 2.93217, 2.06852, -3.41834, -2.35355, 0.504312, 0.0919988, -0.118394, 0.369831, 0.488267, 1.89803, 1.07087, 0.670958, 3.04293, 6
-0.173478, 3.69332, 0.287138, 3.17777, 1.74572, -3.49516, -2.24542, 0.893291, -0.139343, 0.0486234, 1.02082, 1.23902, 1.46406, 0.528959, 1.36109, 3.02346, 6
2.21327, -0.960048, -0.559278, 1.29679, 0.397873, 0.539923, 0.879007, 1.14823, -0.101848, 1.46044, -1.23325, -0.926548, -0.650367, 0.226911, -0.539775, -0.40101, 7
1.43569, -0.897364, -1.58528, 1.10131, 0.251282, 1.14508, 0.288874, 0.672905, -0.478793, 1.56542, -0.797861, 0.890217, -0.31008, 0.373768, -0.2876, -0.607922, 7
1.41336, -0.140129, -0.332723, 1.5017, 0.869998, 0.0461997, 0.307338, 0.509795, 0.921497, 1.49143, -1.47476, -0.324929, 0.343193, 0.710923, -0.159081, 0.20806, 7
1.22392, 0.096059, 0.015621, 2.53492, 0.303216, -0.731095, -0.84774, 1.42703, 0.163203, 0.757806, -0.664686, -0.336304, 0.0524843, 0.123661, 0.8454, 0.71795, 7
1.80365, 0.256807, -0.191968, 2.84201, 0.424979, -0.927734, -0.539598, 0.779651, 0.277111, 0.285524, -0.87077, -1.17312, 0.205181, 0.773837, -0.120544, 0.856946, 7
1.34885, 0.382872, -0.256271, 1.10968, 0.239688, -0.317609, 0.146861, 0.598716, -0.149381, 0.557821, -0.376273, 0.0561408, 0.616563, 0.399365, -0.266247, 0.460004, 7
1.15076, 0.413589, 0.0759352, 0.995144, 1.34047, -0.986629, 0.121446, 0.622656, 0.756004, 0.577585, -1.15494, -0.18135, 0.160461, 0.724214, -0.0171526, 0.827556, 7
1.74254, 0.557402, -0.236771, 0.141167, 0.446356, -0.781013, 0.224555, 0.848037, 0.0297861, 1.16707, -1.3982, -0.669316, 0.352395, 1.55863, -0.859425, 0.988592, 7
1.23812, 0.995147, -0.0947342, 1.45465, 1.20015, -1.28631, -0.205002, 0.607163, 0.269397, 0.525217, -1.02615, -0.0999741, 0.855798, 1.02893, -0.211282, 1.11117, 7
0.430554, 0.899184, 0.660637, 2.54032, -0.350106, -1.63576, -0.805434, 0.116413, 0.685509, -0.118243, -0.896925, 0.195001, 0.839409, 0.841011, 0.454721, 1.30306, 7
0.362172, -0.00906235, -1.02161, -1.75217, 1.22305, 0.508183, 0.426779, -1.06892, -0.0160777, -0.258638, -0.891864, 0.358388, -0.0419276, 0.917748, -0.454882, -0.0876599, 8
0.763497, -0.210679, -1.16248, -1.75601, 1.05097, 0.511605, 0.22549, -0.786147, 0.183014, -0.4982, -0.305509, 0.134144, 0.213938, 1.06612, -0.774448, 0.0600588, 8
-1.29469, 1.25734, 0.129123, -0.576915, 0.211378, -1.09611, -0.974589, -1.12047, 0.441816, -0.241461, -1.83136, -0.0591802, 1.51098, 0.919109, 1.19047, 0.949648, 8
-0.165896, 1.26398, -0.0197379, -0.748575, 0.459521, -0.406033, -0.695243, -0.790506, -0.130243, -0.176488, -0.651892, 0.240606, 0.935494, 0.571814, 0.180738, 0.704731, 8
-1.80773, 2.72129, 0.831547, -0.00360829, 0.534523, -1.46049, -1.09286, -1.87909, 0.498434, -0.673791, -1.31191, 0.579465, 1.62003, 0.721226, -0.11253, 1.13909, 8
-1.53277, 1.82387, 0.572758, -0.30506, 0.422868, -1.74988, -0.856151, -2.00199, 0.912918, -0.641308, -1.12465, -0.349323, 1.62522, 1.08623, -0.611577, 1.43399, 8
-0.0177454, 1.06623, 0.136022, -1.19016, 0.63957, -1.37274, -1.19387, -1.69598, 0.287862, -0.359268, -0.405697, 0.483355, 1.40393, 1.61301, 0.385536, 1.32891, 8
-2.20453, 3.27377, 1.66588, 1.07674, 0.996878, -2.73122, -2.01743, -1.68376, 1.03875, -0.399466, -1.45901, 1.01982, 2.30355, 1.26177, 1.02309, 2.08437, 8
-1.65819, 2.83464, 0.106066, 0.50686, 1.45843, -2.70269, -1.20982, -1.45138, 0.775724, -1.16139, -2.0821, -0.136418, 1.62529, 1.66444, -0.950024, 1.98513, 8
-0.591112, 3.10459, 0.907286, 1.34971, 0.276418, -2.8517, -1.94381, -1.75546, 0.560277, -0.204749, -1.30618, 0.681757, 2.48081, 1.19252, 0.882162, 2.36554, 8
1.55615, -0.54447, 0.344445, 0.448911, -1.37698, 0.200882, 0.76599, 0.512776, -0.884053, 0.302396, 1.35243, -1.09395, -0.335859, -0.000205178, 0.0695402, 0.0262118, 9
0.884447, 0.246525, -0.283669, 0.731088, -0.617187, -0.439329, 0.0370172, 1.04338, -1.19303, 0.210076, 0.83542, -0.604406, -0.0757449, -0.198962, 0.93111, 0.431038, 9
1.45907, 0.132677, -0.106055, 0.68883, -1.7249, -0.429175, -0.052352, 0.350052, -0.448308, 0.434944, 1.04474, -1.15941, -0.138035, -0.180033, 0.0125153, 0.420176, 9
0.435081, 0.82622, 0.875592, 0.88993, -0.369027, -1.0603, -0.137447, 0.712159, 0.0203124, -0.0953643, -0.0670945, -0.23805, 0.516292, 0.147486, 1.26724, 0.89785, 9
0.6581, 0.363603, 0.771774, 2.07239, -1.23382, -1.44008, -0.147141, 0.612321, -0.917745, 0.655079, 0.294197, -1.56837, 0.212138, 0.303639, 0.334156, 1.08142, 9
0.285416, 1.52759, 0.729222, 1.08763, 0.447721, -1.68422, -1.61895, 0.0536706, 1.09691, -0.0469211, -1.13369, -0.480178, 0.665825, 0.972805, 1.54373, 1.2055, 9
0.0533312, 1.86052, 1.45625, 1.48486, 0.0630599, -2.0119, -1.0101, -1.09532, 0.881837, 0.0822103, -1.2885, -0.625869, 0.959625, 0.580554, 1.36849, 1.41253, 9
0.129546, 1.32584, 1.13838, 1.60151, -0.0522012, -2.2798, -1.43809, -0.124176, 0.246996, 0.433974, -0.72032, -0.0790743, 0.805237, 0.995482, 1.80617, 1.4884, 9
0.19144, 1.67424, 0.667796, 1.88411, -0.605325, -2.13216, -1.48516, 0.494963, 0.204377, -0.00794885, 1.35723, -0.621156, 1.0675, 0.472284, 1.35991, 1.72394, 9
0.269907, 1.35288, 1.5362, 2.30264, 0.0844675, -2.40604, -1.37397, 0.0489105, -0.0469623, 1.79985, -0.853602, -1.9264, 0.994289, 0.63673, 0.275833, 1.56003, 9
0.750322, 1.30305, -1.16805, 0.0636749, 2.07763, -1.95698, -0.951806, 0.239643, 0.419493, 0.68588, 0.614788, -0.199825, 0.533029, 2.61938, -1.54595, 1.87712, 10
0.514617, 1.6953, -0.741785, 0.924396, 1.38934, -2.65213, -0.457524, 0.703429, 0.742766, -0.038556, 0.134722, -1.30748, 0.707808, 2.57317, -0.254266, 2.3112, 10
0.787578, 2.14059, 0.109481, 1.49869, 0.578674, -2.92598, -0.464211, 0.162741, 0.572728, 0.757774, -0.569391, -1.01197, 0.88144, 2.38572, -1.36236, 2.37081, 10
-0.248386, 2.57387, 0.32959, 1.65392, 0.324224, -3.01563, -1.33375, 0.451619, 0.772716, 1.05153, 0.193609, -1.13661, 1.05607, 2.42879, -0.483236, 2.45847, 10
-0.971221, 3.92916, 0.265818, 2.5949, 1.47418, -4.57827, -2.48699, -0.327618, 2.20964, -0.206879, -0.306836, -0.683313, 2.08323, 2.73223, 0.499066, 3.22766, 10
-0.285007, 4.45969, 0.993056, 4.27188, 2.39662, -5.03006, -2.13557, -1.01861, 1.11902, 0.439936, -0.176891, 0.639476, 1.94273, 2.93655, -0.171895, 3.69562, 10
0.71554, 4.37169, 0.877227, 4.18261, 1.88841, -5.15393, -1.35848, -0.832352, 1.0501, 0.716723, 0.0922662, -0.426087, 2.09031, 3.14303, -1.81453, 3.81698, 10
-0.351188, 4.82803, 0.753264, 3.79891, 2.74479, -5.52952, -2.48522, -0.651876, 0.757647, -0.176514, -0.0507893, -0.212684, 2.36938, 3.60473, -0.399557, 4.29624, 10
-0.549662, 4.17002, 0.609399, 2.14389, 2.80018, -4.92748, -2.27157, -1.04967, 0.795877, -0.358711, -0.437111, -0.514633, 2.66656, 3.82231, 0.368934, 3.62288, 10
-1.69961, 3.04801, 1.38336, 1.50494, 0.57659, -4.24548, -1.49787, -1.85134, 1.21774, -1.121, -1.29992, 0.400779, 2.22519, 2.68797, 1.1315, 2.87691, 10
1.35222, 2.08441, 0.395032, 0.914443, -0.711942, -1.59402, 0.192071, -0.0824562, 0.567496, 0.220932, -0.654991, -0.423397, 1.44355, 0.794805, -0.449335, 1.32889, 11
-1.15512, 2.14072, 0.907851, 0.105471, 0.476343, -1.75998, -0.291421, -0.72667, 1.26047, 0.119806, -1.40433, 1.68407, 0.898989, 1.0286, -0.583495, 1.40049, 11
-0.0752299, 1.63658, 0.939011, 0.850355, -0.0122402, -1.60645, 0.0870867, -0.105117, 1.31438, 0.0829558, -1.16549, 0.618123, 0.829672, 0.749794, -0.236122, 1.27511, 11
0.837049, 0.129918, -0.662618, -1.535, 0.706538, 0.0273037, 1.60976, 1.57494, -0.517186, 2.22577, -0.396602, 1.78735, -0.292258, -0.808497, -1.72665, 0.128168, 11
1.123, -0.246843, -0.337539, -0.831277, 1.26031, -0.642218, 1.0985, 0.723668, -0.629409, 2.43577, -0.951904, 1.93142, -0.108526, -0.0830298, -0.790078, 0.646497, 11
-0.910717, 3.14383, 0.737222, 1.75322, -0.699759, -3.36406, -1.35159, -1.12819, 1.35067, -0.347439, -1.07949, -0.0117618, 1.65475, 1.63336, -1.29102, 2.60487, 11
0.360064, 2.41222, 0.823512, 0.813023, -0.295119, -2.5679, -0.312411, -0.741337, 0.175135, 0.329012, -0.168615, 0.547299, 1.5391, 1.35986, -0.489757, 2.17365, 11
1.25573, 1.76235, 1.78317, 0.967806, -0.523019, -2.12452, -0.252383, -0.905098, 0.248461, 0.0451685, -1.4184, 0.00971463, 0.853715, 0.979299, -0.49465, 1.8582, 11
0.184544, 1.90181, 1.53158, 0.889027, 0.482736, -2.47863, 0.0482123, -0.867671, 0.477021, 0.431185, 0.0415352, 1.41728, 1.38432, 0.938847, -0.744895, 1.99878, 11
-0.0380305, 3.85647, 1.44035, 2.4855, 0.330699, -4.18714, -0.655693, -0.620493, 0.345359, -0.0707031, -1.20235, -0.0470103, 2.04227, 2.42128, -0.170194, 3.25425, 11
-1.37499, 0.096838, 0.702794, -0.29185, -0.200996, 0.183793, 0.21956, -0.816832, 1.07806, -1.18681, -0.69893, -0.935612, 0.117783, 0.447602, 0.418472, -0.310459, 12
-1.6327, -1.29695, 0.204328, -0.875908, 0.179516, 0.0902766, -0.0888339, -0.173872, 0.79533, -1.05848, 0.882879, 0.014674, -0.513318, -0.0181794, 0.72985, -0.184784, 12
-1.85524, -0.892516, 0.573874, -1.05759, 0.257249, 0.161821, -0.0940056, 0.10117, 1.2541, -0.281765, -0.381901, -0.355723, -0.540639, -0.0336194, 1.47764, -0.168654, 12
-1.26471, -0.752336, 0.829363, -0.931011, -1.14227, -0.715425, -0.586141, -0.503563, 1.12751, -1.11156, 1.81423, -0.892172, 0.23897, 0.20412, -0.235921, 0.494893, 12
-2.01608, 0.0990944, 0.533165, -0.124834, -0.19683, -1.00935, -1.07558, -0.515653, 1.22855, -0.198487, 0.750328, -0.377808, 0.168886, 0.565664, 0.46275, 0.625109, 12
-1.82798, 0.40479, 0.748455, 0.815753, 0.428761, -0.258586, 0.275507, -0.119792, 0.823486, -1.89235, -0.218104, -0.379417, -0.31386, 0.213067, 0.40622, 0.155845, 12
-1.53596, -0.469961, 0.609205, 0.168205, 0.069945, -1.19425, -0.5349, -0.269643, 0.556569, -0.654107, 0.990835, -0.697212, 0.0821838, 0.719136, 0.868723, 0.896881, 12
-1.22109, 1.74761, 1.43394, 1.13314, 0.128203, -1.59046, -1.0623, -1.32768, 0.839598, -1.29462, -0.523244, -0.27294, 1.41844, 1.119, 1.16221, 0.925206, 12
-1.95146, 2.43316, 0.894828, 1.66861, 0.664951, -2.42933, -1.62463, -1.39873, 1.62865, -1.81324, 0.27193, -0.22256, 1.74257, 1.47117, 1.10408, 1.51254, 12
-1.86502, 2.19379, 1.15008, 1.62158, 0.196084, -2.52995, -1.63488, -1.44932, 1.24759, -1.22918, 0.567665, 0.309021, 1.48033, 1.43548, 1.12863, 1.64075, 12
-1.13358, -2.48502, -1.44366, -2.91826, 0.446301, 1.1935, 0.799569, 0.384723, -1.59037, -0.0855018, 0.425634, -1.16283, -1.19156, -1.25148, 0.237683, -0.602931, 13
-1.03745, -2.36169, -0.803733, -2.49304, -0.0775803, 1.11243, 0.410027, 0.558234, -2.22463, 0.032736, 1.16194, -1.03473, -0.899411, -1.16702, -0.467852, -0.425903, 13
-2.01155, -1.84479, -0.767642, -2.2773, -0.0908503, 1.21009, 0.641274, -0.00898178, -0.958816, -1.07827, 0.809989, -0.407821, -0.809698, -0.959576, -0.82111, -0.519981, 13
-2.22367, -1.39084, -0.453935, -2.24338, -0.0149926, 0.729058, 0.361646, 0.453347, -0.391376, -0.477906, 0.116774, 0.00227274, -0.886132, -0.795848, 0.110308, -0.130825, 13
-1.84565, -1.11014, 0.609903, -1.65639, 0.664771, -0.0977444, -0.0160793, -0.443266, -0.621264, -0.711829, -0.233373, -0.888935, -0.0989737, -0.621246, -0.254627, 0.26542, 13
-1.54113, -1.1769, -0.546889, -0.662148, 0.475794, 0.194924, 0.427494, 0.340504, -0.90303, 0.0102004, 0.48762, -1.02616, -0.280873, -0.953724, -0.582518, 0.146578, 13
-1.54916, -0.77278, 0.175293, -1.1743, 0.758212, -0.234463, -0.288446, 0.063459, -0.215808, 0.423139, 0.387998, -0.999303, -0.230078, -1.10744, 0.488847, 0.430218, 13
-2.35726, -0.739769, -0.00567241, -1.04397, 0.774175, -0.689215, -0.608688, -0.149768, 0.174579, 0.208432, -0.25218, -0.810523, -0.0123488, -0.550091, 0.790711, 0.782527, 13
-1.83395, 0.0301085, 0.94555, -0.107727, 0.0531844, -0.942702, -0.662079, -0.140398, -0.248624, -0.968172, 0.0553387, -0.258022, 0.0661632, -0.1765, 0.367093, 0.903396, 13
-2.55491, 0.0574862, 0.0973764, -0.88204, 0.972807, -1.41078, -0.374691, -0.650008, -0.627045, -0.270242, -0.288286, -0.18252, 0.348934, -0.33044, -0.0775285, 1.18753, 13
0.6207, -3.16034, -0.341647, -2.2344, -1.14828, 0.228462, 1.71736, -0.472971, -1.26614, 0.753616, 0.230761, -0.138423, -1.1386, -1.0665, -1.09256, 0.570767, 14
0.804881, -3.17107, -0.429723, -1.78447, -1.90314, -0.270667, 0.667379, -0.432212, -1.45017, 0.343237, 0.3202, -1.35117, -0.801865, -1.08693, -1.15097, 0.883371, 14
0.909678, -2.43939, 0.119669, -1.61922, -1.99179, -0.93266, 0.512915, 0.0776275, -0.979448, -0.0111784, 0.573445, -0.490878, -0.664891, -0.853141, -1.59035, 1.34618, 14
1.35051, -1.80387, 0.345749, -0.753068, -0.764395, -1.57922, 0.938915, -0.124481, -0.80954, 0.082255, 1.17629, -0.431183, -0.168876, -0.759071, -0.974213, 1.76717, 14
1.30142, -2.26324, 0.186638, -0.974176, -0.65393, -1.85511, 0.879412, 0.0308724, -1.09251, -0.134814, 0.956252, -0.994551, -0.0795451, -0.516531, -1.50467, 2.10091, 14
-0.705609, 0.0473611, 0.761009, -0.374992, -0.408016, -2.25729, -0.819957, -0.955615, 0.654536, 0.0215298, -1.32168, 0.0320478, 0.458351, 0.134308, -0.57141, 1.93554, 14
-0.957944, 1.22749, 0.245502, 0.218159, 0.665182, -2.9968, 0.0378347, -0.974025, -0.162979, -0.40558, -1.30048, 0.777639, 0.816954, 0.864446, -1.83487, 2.52415, 14
-0.0957275, 0.689286, 0.202276, 0.501851, 0.0972944, -3.15885, -0.51717, -0.781451, 0.551951, -0.00910547, -1.81985, 0.648226, 1.0617, 1.06107, -1.20202, 2.59047, 14
-0.447447, 1.7876, 1.14226, 1.01081, -0.554795, -3.51129, -1.17263, -1.45624, 0.53578, -0.509818, -1.4423, -0.237485, 1.61248, 1.08006, -0.70824, 2.6078, 14
-0.125342, 0.245178, 2.4342, 1.28117, -1.96212, -3.89678, -0.487126, -0.981445, -0.490259, 0.994303, -0.35379, 0.211504, 0.566863, 0.912824, -1.3327, 3.12165, 14
1.3597, -0.294814, -0.313637, -0.270881, -0.386264, -0.0533706, 0.0103448, 0.0273919, 0.759537, 1.28587, -1.22277, 0.957348, -0.249674, 0.0434139, -0.324067, 0.230198, 15
1.17092, -0.371505, -0.218499, -0.144811, -0.235432, 0.50445, 0.237806, 0.226476, -0.666318, 1.33411, -0.0484896, 0.454654, -0.249111, -0.142021, -0.281542, -0.273114, 15
1.75349, -0.172389, -0.294453, 0.0940999, -0.652582, -0.34809, -0.287947, 0.532188, 1.11291, 0.111757, -1.27907, 0.496574, -0.0236451, 0.240383, -0.420779, 0.456069, 15
1.0117, 0.146487, -0.0121479, 0.0854451, -0.457789, -0.294262, -0.130369, -0.36103, 0.0818658, 0.93553, -1.54245, 0.518274, -0.0825797, 0.246573, -0.564154, 0.398848, 15
0.526208, -0.464776, -0.0158491, -0.163482, 0.0545333, 0.0877132, 0.219561, 0.169317, -0.354917, -0.0265272, -0.143858, 0.382585, -0.0978742, 0.0789107, -0.651627, 0.012468, 15
1.53526, 0.511762, 0.00658683, 0.578568, 0.632235, -0.819718, -0.106069, -0.348873, 1.50819, 1.01422, -1.38744, 1.12289, 0.481477, 0.61584, -0.163123, 0.828263, 15
0.378142, 0.0335939, 0.82711, -0.228025, -0.257831, -0.214849, -0.0584532, -0.249783, -1.19796, -0.711705, 0.437032, 0.583195, -0.0410698, 0.0731147, -0.061264, 0.2686, 15
0.714362, -0.235598, 0.773246, 0.186492, -0.899961, -0.306044, 0.234696, 0.0853885, 0.416948, -0.440508, -0.986412, 0.358251, -0.165994, -0.0531416, -1.20259, 0.482206, 15
0.499244, -0.771866, 0.571478, -0.190454, 0.0136018, -0.536627, -0.263149, -0.343842, -0.712217, -0.821009, 0.067495, 0.705717, 0.316324, 0.195417, -0.83624, 0.569572, 15
0.0970843, -0.0266581, 0.51986, -0.200435, 0.38579, -0.228674, -0.0821542, -0.169829, -0.987572, 0.192586, 0.471169, -0.00362431, -0.176773, 0.444176, -0.00753706, 0.294695, 15
0.392157, -0.384481, -0.0581621, -0.330386, -0.979389, -1.43303, 0.337146, -0.981221, -0.687894, 0.555892, -1.82833, 0.782385, 0.224878, 0.31165, -0.642012, 1.27035, 16
-0.163728, 0.409656, 0.651783, 0.0690145, -0.202736, -0.257464, -0.0111999, -1.13459, 0.147989, 0.21846, -1.08302, 1.05748, 0.17131, -0.0819929, -0.370997, 0.264444, 16
-0.584153, 0.557225, 0.147586, -0.421587, -0.0260919, -0.660089, 0.0798973, -0.647218, 0.723447, 0.820562, 0.0234983, 0.411144, 0.411039, -0.0910308, -0.580703, 0.534055, 16
-0.72172, -0.0817744, 0.574607, -0.0059905, 0.0884124, -1.92881, -1.03049, -2.1791, -0.827853, -0.194003, 1.31806, 0.358313, 0.442724, -0.385976, -0.949438, 1.70896, 16
-1.55256, 0.626171, 0.441699, 0.309431, -0.870537, -2.56788, -1.34663, -2.12039, -0.386263, -0.208643, 1.17341, 0.909322, 0.763522, 0.0699594, -0.943729, 2.16172, 16
1.36452, -0.679951, -0.795111, -0.0233129, -0.485041, -1.32839, 0.00722626, -1.04781, -0.188175, 1.30971, 0.0445454, 0.976677, 0.228019, 0.102568, -0.479386, 1.26233, 16
-0.477335, 0.623076, 1.04921, -0.362443, 1.13421, -0.601077, -0.0727326, -1.40003, 0.0277678, 0.419779, 0.109604, 0.194102, 0.293348, -0.0710381, -0.65987, 0.546555, 16
-1.08638, 1.17991, 0.507199, 0.274948, 0.315359, -1.13293, -0.735741, -0.558671, 0.277182, 0.706614, -0.487369, 1.35874, 0.747351, 0.0670266, 0.982444, 0.822229, 16
-0.544247, 1.00808, 0.533851, 0.195444, 0.749426, -1.4633, -0.47138, -0.650462, 0.425439, 0.0931406, 0.7749, 0.272895, 0.456057, 0.264629, -0.651964, 1.19289, 16
-1.14929, 1.60315, 1.49441, 0.832885, -0.14386, -1.28663, -0.639381, -1.08202, 0.92636, 0.205425, -0.0494722, 0.874478, 0.956508, 0.562014, -0.345115, 0.853941, 16
-0.715571, 1.12237, 1.15566, 0.926681, -0.734285, -1.69537, -0.945427, -1.29043, 0.254508, -0.83628, -2.47388, 0.354167, 0.534372, 0.362918, -0.230293, 1.17273, 17
-0.279373, 0.841752, 1.9187, 1.28344, -0.376735, -1.01269, -0.204581, -0.687099, 0.629163, -0.298442, -1.34554, -0.427575, 0.339221, 0.0648517, -0.0465173, 0.698941, 17
0.0606454, 1.63077, 0.871277, 1.67876, -0.0556413, -0.765155, -1.15896, -0.0755521, 0.840552, -0.0572659, -0.722448, -0.15064, 0.702196, 0.813033, 0.29071, 0.342801, 17
-0.033949, 1.96833, 0.782304, 1.74075, 0.201127, -0.781457, -1.24633, -0.131525, 0.480257, 0.160285, -0.475815, 0.165715, 0.706791, 0.853507, 0.18353, 0.370861, 17
-1.27381, 1.03604, 1.93651, 1.32908, 0.0538578, -2.1876, -1.11848, -1.38648, 0.43621, -0.792422, -2.4466, 0.282186, 0.796146, 0.716742, 0.0182123, 1.50973, 17
0.000514666, 0.312586, -0.099685, 1.7743, 1.13229, -0.0261932, -0.492158, 0.800226, 1.14255, 0.489138, -1.68425, -0.415838, -0.160675, 0.620486, -0.0953451, 0.0443085, 17
-0.0420584, 0.301872, 0.0766604, 1.69787, 0.707401, -0.364125, -0.371519, 0.645837, 1.17085, 0.704192, -1.98923, 0.269547, 0.157491, -0.0781239, 0.767154, 0.378076, 17
0.503463, 0.887926, 0.282056, 2.2277, 0.888985, -0.67928, -0.289881, 0.570606, 1.27125, 0.221491, -0.897332, 0.39128, 0.1391, 0.471606, 0.170679, 0.575258, 17
-0.713858, 0.808267, 0.128278, 2.05208, 0.274346, -0.848263, -0.917043, 0.575878, 2.12238, 1.0707, -1.71436, 0.716895, 0.432611, 0.75196, 1.14156, 0.770656, 17
-0.345931, 1.29297, 0.433937, 2.03868, 1.28603, -1.15773, -0.999409, 0.701132, 1.01132, -0.17636, -2.87454, 0.259945, 0.638759, 0.77173, 0.692058, 1.00075, 17
-0.739722, -0.358002, 0.909093, -0.125163, 0.209076, -0.124412, -0.126653, -0.344039, -0.137962, -1.34937, 0.0361185, -0.545884, 0.119549, -0.560171, -0.374162, 0.21484, 18
-1.03191, -0.407033, 0.142084, -0.43537, 0.30152, -0.0325843, -0.467339, -0.0968946, -1.3075, -1.43876, 0.669646, -1.20371, 0.0675692, -0.381333, -0.386803, 0.17805, 18
-1.98483, 0.43048, 0.439659, -0.771536, 0.535232, -0.0394518, -0.374087, -0.94521, -0.800216, -0.55378, 0.244715, -0.482844, 0.00174314, -0.263222, 0.380087, 0.0254461, 18
-1.59012, 0.332481, 0.885372, -0.40739, -0.316895, -0.675048, -0.296749, -0.230504, -1.27376, -2.14909, 1.02717, -0.478786, 0.113366, -0.174391, -0.820079, 0.630289, 18
-1.6916, 0.243143, 0.331594, -0.306596, -0.04996, -0.326952, -0.147024, -0.34843, -0.499818, -0.908035, 1.09137, -0.48819, 0.247105, -0.0130056, 0.458737, 0.354574, 18
-1.90261, 1.15459, 0.69077, 0.455575, 0.139781, -0.881886, -0.475935, -0.376174, -0.63678, -1.8818, 0.226848, -1.03488, 0.594816, 0.0999979, 0.349299, 0.658238, 18
-1.73356, 0.755732, 0.956315, 0.525743, 0.335986, -1.17883, -0.395477, -0.706926, -0.890997, -2.19888, 0.737294, -0.585085, 0.761302, 0.236788, -0.0826402, 0.925625, 18
-2.05967, 1.00848, 0.388991, 0.0670842, 0.51162, -0.977079, -0.827478, -0.925262, -0.838669, -1.02662, 0.183661, -0.651702, 0.386052, 0.0118021, 0.712093, 0.805834, 18
-1.98861, 1.22363, 1.24704, 0.994357, 0.0185633, -1.54044, -0.696707, -1.32471, -1.03331, -1.73064, 0.176414, -0.615874, 0.934593, 0.349244, 0.653162, 1.20385, 18
-1.64968, 1.0449, 1.15797, 0.416319, 1.73509, -1.25822, -1.05627, -0.744992, 0.289783, 0.14392, 0.840418, -0.93447, 0.466603, 0.24585, 0.953123, 0.960989, 18
-1.90494, 1.76838, 1.08945, 0.520342, 0.111099, -2.08273, -0.955391, -0.874921, 0.667442, -0.138414, -0.910056, 1.23404, 1.29082, 0.655575, 0.34295, 1.27976, 19
-1.56952, 1.82479, 1.58671, 0.675608, 0.339433, -2.47736, -1.0435, -0.803796, 0.776253, 0.0080771, -0.176653, 1.40545, 1.42544, 0.781702, 0.203149, 1.61306, 19
-2.02658, 2.08544, 1.08435, 0.835931, 0.382556, -2.93537, -0.921833, -0.924237, -0.24763, -0.521345, -0.452195, 1.22528, 1.31933, 0.981871, 0.21345, 2.00316, 19
-1.14349, 2.34421, 0.751067, 1.10468, -0.0322878, -2.59921, -1.46953, -1.95842, 0.814686, -0.263137, -1.13069, 1.21216, 1.33559, 1.29419, 0.904969, 1.76051, 19
-1.76461, 3.13374, 1.01825, 1.3511, 0.483407, -3.00063, -1.46845, -2.01585, 0.566996, -0.527559, -0.631158, 1.05556, 1.54833, 1.36103, 0.679287, 2.01352, 19
-2.75281, 2.2232, 1.05801, 1.34078, 0.890359, -3.37465, -1.36002, -0.747789, 0.541771, -0.529793, -1.63153, 0.728126, 1.54197, 1.31752, 0.20382, 2.18472, 19
-1.9457, 2.82891, 1.44987, 1.45374, 0.994564, -3.10054, -1.24927, -1.58586, 0.858835, -0.209971, -0.245694, 2.02237, 1.56987, 1.5698, 0.00168772, 2.10776, 19
-1.96751, 2.70427, 0.927173, 2.09285, 1.50094, -3.33862, -1.63794, -1.48116, 1.61037, 0.394713, -0.661755, 1.29546, 1.50653, 1.68971, 0.732322, 2.24545, 19
-1.50509, 3.10722, 1.93054, 1.6495, 0.59413, -2.4591, -1.74226, -2.7489, 0.835659, -0.489917, 0.323629, 1.35197, 1.54046, 1.71743, -0.149216, 1.41166, 19
-2.1087, 3.46301, 2.45255, 2.30649, 0.75598, -3.83746, -2.15653, -1.673, 1.11149, -0.150675, -1.8211, 1.01359, 2.35873, 1.82212, 0.558157, 2.46469, 19
1.74943, -1.59623, -0.533032, -1.22688, -0.0925677, 1.92671, 1.73728, 1.73668, -0.0275153, 1.29352, 0.648519, -0.519048, -0.999593, -0.279818, -1.49819, -1.21702, 20
1.39858, -1.67023, -1.8587, -1.28232, -0.715291, 1.57902, 1.45521, 1.58151, -0.478432, 1.57086, 0.482886, -0.256148, -0.990529, -0.252681, -1.85045, -0.897954, 20
0.741543, -0.827875, -1.11913, -0.375664, -0.774352, 0.695473, 1.00589, 0.920966, -0.495305, 1.0314, 0.0106771, -0.427955, -0.313567, 0.0283796, -1.78128, -0.329282, 20
0.226755, -0.600737, -0.600242, -0.193418, -0.946179, 0.0935028, 0.698017, 0.92338, -0.331789, 0.296904, 1.26554, -0.129799, -0.0483299, 0.00480479, -1.31446, 0.0681943, 20
-0.397173, 1.73842, 1.27417, 1.8411, -0.244606, -1.69184, -0.808559, -0.398068, -0.475102, 0.164706, -0.907085, -0.351151, 1.00346, 0.868545, 0.327488, 1.10046, 20
0.688129, -0.570068, -0.442506, -0.112846, -1.3167, -0.387104, 0.646577, 0.986307, -0.276204, 0.600336, 1.25568, -0.162387, -0.0791131, 0.140289, -1.64716, 0.491835, 20
-0.658323, 1.51245, 0.856007, 1.65063, -0.294578, -1.51984, -0.630694, -1.08302, -0.188026, -0.00196301, -0.364738, 0.0652361, 0.99182, 0.858281, -0.993221, 1.088, 20
0.476782, 0.362593, 0.923555, 1.35073, 0.352897, -0.739259, 0.019219, 0.565876, 0.558722, 0.602556, -0.370602, -0.0767852, 0.30461, 0.879329, -0.747366, 0.693128, 20
0.336339, 1.22418, 1.18984, 1.86521, -0.187792, -1.53877, -0.146485, -0.163728, 0.524056, 1.15351, 0.0741839, -0.146115, 0.795502, 1.06384, -0.9758, 1.25002, 20
1.12774, -0.0459353, -0.459447, 0.107174, -0.182429, -1.03414, 0.242359, 0.69419, -0.883995, 0.742084, 0.632769, 0.357523, 0.220037, 0.627456, -1.59511, 1.08956, 20
1.9647, -0.872993, -1.21017, -0.158572, 0.293987, 0.0849575, 0.191928, 0.404062, -0.46864, 0.94261, -0.224822, -0.482311, -0.514613, -0.01789, -0.389451, 0.205768, 21
1.55749, -1.10441, -0.902741, -0.288147, -0.698712, 0.0117958, 0.148748, 0.522596, 0.135594, 1.37244, 0.0218661, 0.178089, -0.355381, -0.0070892, -0.336847, 0.28066, 21
1.48347, -1.82879, -1.62664, -0.801914, -0.464384, -0.120789, 0.412274, 0.646642, -0.508908, 0.0682128, -0.114804, 0.271508, -0.461939, 0.0697114, -0.865002, 0.463962, 21
1.26544, -0.133904, 0.178671, 0.887895, -0.51038, -0.710715, -0.272434, 0.424211, -0.133941, 0.0379608, -0.484492, -0.50991, -0.0765318, 0.556887, -0.132382, 0.744535, 21
1.84107, -0.0914137, -0.9343, 0.89504, -0.381797, -0.745919, -0.174657, 0.686933, -1.0188, 0.610685, -0.916618, -0.569832, 0.0608709, 0.390552, -0.243206, 0.828378, 21
0.705108, -0.0354768, -0.147416, 1.20112, -0.849927, -1.45267, -0.687579, 0.438518, -0.585947, -0.468408, -1.33562, -1.35117, 0.269166, 0.586734, -0.168965, 1.26932, 21
0.709922, 0.224424, -0.441426, 0.556255, -0.57347, -0.953878, -0.405839, 0.0835433, 0.735018, 0.152169, -0.579797, 0.0921145, 0.229576, 0.455911, -0.293766, 0.933596, 21
0.403093, -0.323995, 0.14363, 0.694221, -1.07855, -1.62477, -0.343392, 0.0456678, -0.602087, -0.133874, 0.276077, -0.393003, 0.396925, 0.812815, -1.12251, 1.48846, 21
1.08073, 0.229567, -0.193585, 1.2846, -0.98221, -1.95295, -0.453402, 0.116717, -1.2836, -0.45738, -1.15118, -0.452099, 0.468925, 0.793626, -0.637066, 1.70175, 21
1.34531, 0.525284, 0.144143, 1.12738, -1.1632, -1.99478, -0.778976, -0.083398, 0.21462, -0.422831, -1.29661, -0.0371281, 0.570835, 0.819155, -0.501592, 1.69217, 21
0.334409, 1.02822, 1.09219, 1.1612, -0.757856, -2.80835, -1.05456, -1.19719, 1.32551, 0.205854, -0.877384, 0.817872, 1.02745, 1.36201, -0.817545, 1.9855, 22
0.131469, 1.42315, 0.549777, 1.31074, -0.546153, -2.88389, -1.14289, -1.14982, 0.113707, -0.0258638, -0.556391, 0.168953, 0.946338, 1.35067, -1.21157, 2.04696, 22
0.0771427, 1.8926, 1.65403, 1.71027, -1.52477, -3.53839, -1.75708, -1.34651, 0.660213, 0.0124834, -1.27136, 0.407226, 1.43593, 1.68561, -0.854177, 2.53953, 22
0.251204, 1.53748, -0.0839466, 1.71855, -0.167504, -3.51777, -1.15633, -1.61806, 1.28443, -0.179564, -1.52813, 0.912459, 1.28605, 1.75392, -0.542966, 2.53754, 22
0.441014, 1.40936, 1.43595, 1.24908, -0.751651, -3.69435, -1.23771, -1.83976, 1.01256, 0.967724, -0.668043, 0.899566, 1.28257, 1.67947, -1.28825, 2.63835, 22
0.283933, 2.99385, 1.4392, 2.82916, -0.394093, -4.55028, -1.91281, -1.34982, 1.19505, -0.272712, -0.718914, 0.898113, 1.72042, 2.18108, -0.450716, 3.3462, 22
-0.689411, 3.01229, 2.44615, 2.35736, -1.21323, -5.00173, -2.82364, -1.99531, 1.16903, -0.122013, -1.08063, 0.425931, 2.23017, 2.38504, -0.681296, 3.58735, 22
-1.25125, 3.23453, 2.42885, 2.99662, -0.425128, -5.41695, -2.78074, -2.3159, 0.780646, -0.723765, -1.37006, 0.525403, 2.42076, 2.51867, -1.16534, 3.85628, 22
-0.492235, 3.54963, 1.7861, 2.71294, -0.0626912, -5.66539, -2.3397, -2.47935, 1.10017, -0.0654211, -0.735589, 1.18015, 2.36782, 2.67865, -1.31836, 4.02192, 22
-0.995453, 3.14486, 0.936155, 2.65167, -0.390332, -5.55276, -2.24335, -1.70005, 0.390196, -0.543799, 0.304559, 0.713052, 2.13034, 2.3932, -1.63148, 3.98552, 22
0.490386, 0.531511, -0.0477222, 0.994116, 1.12624, -0.363436, -0.485893, 0.419459, 0.182671, 0.18655, -0.612654, -0.834213, 0.25941, 0.523459, 0.410082, 0.386357, 23
0.203512, 1.46911, 0.126108, 1.81488, 0.4818, -1.16955, -0.757722, 0.44133, 0.219725, 0.993395, -0.672329, -1.01559, 0.467142, 0.824653, 0.061609, 0.881305, 23
1.17313, 0.169916, -0.608061, 0.750373, -0.122787, -1.30129, -0.216802, 0.871213, -0.152421, 0.765713, 0.27921, -0.412836, 0.204384, 0.383076, 0.248391, 1.25537, 23
1.06891, 0.780334, -0.338134, 0.839692, 0.798731, -1.67186, -0.56124, 0.28569, -0.08194, 0.727505, -1.02277, -0.17776, 0.392808, 0.499719, 0.541552, 1.47214, 23
0.97856, 1.01897, -0.1963, 1.37195, 0.262936, -2.13064, -0.692421, 0.590335, -0.367241, 0.488182, 0.351009, -0.49873, 0.515522, 0.668318, -0.335485, 1.79375, 23
0.836955, 1.10259, 0.167021, 1.1265, 1.10165, -2.0108, -0.981748, 0.212545, 0.34332, 1.17251, -1.00274, -0.0387473, 0.617751, 0.696865, 0.503784, 1.68218, 23
0.341968, 1.3618, -0.0574959, 1.53975, 0.699949, -2.28591, -1.38111, 0.460767, 0.473969, 0.352208, -0.87048, -0.212635, 0.735441, 0.972405, 0.44915, 1.82713, 23
-0.117022, 1.94377, 0.461015, 2.50233, 1.09565, -2.3926, -1.31172, 0.0961275, 0.387903, 0.976527, -0.635961, -0.616149, 0.959319, 1.24764, 0.0798471, 1.79743, 23
0.355996, 2.26471, 0.737386, 1.84634, 2.17098, -2.03216, -1.2224, -0.59016, 1.12684, 0.897575, -0.636161, -0.299184, 1.08448, 1.21146, 0.377711, 1.57947, 23
-0.447719, 2.42118, 0.790672, 2.26775, 1.77471, -1.93765, -1.543, -0.066316, 0.813236, 0.242001, -0.330152, -0.708025, 1.08347, 1.19291, 1.05468, 1.42852, 23
-0.0439677, 1.84767, 0.111147, 1.71533, -0.163747, -1.97837, -1.14193, -1.07094, 0.994719, -0.0438352, -1.71041, 1.36481, 1.00744, 1.1479, 0.596737, 1.26202, 24
-0.35777, 2.2448, 0.606369, 2.03681, -0.235281, -2.48694, -1.42907, -1.53628, 0.50385, -0.454438, -1.28873, 1.68754, 1.26181, 1.29569, -0.398257, 1.61783, 24
-1.19985, 2.91723, 1.80378, 3.5412, 0.309171, -4.12309, -2.48209, -1.57007, 1.55719, -0.433857, -1.7366, 1.33551, 2.0335, 1.98887, -0.512163, 2.66118, 24
-1.10698, 2.60415, 1.51069, 2.91012, -0.567747, -3.45835, -2.17121, -1.59413, 1.28519, -0.231741, -1.49691, 1.30862, 1.63859, 1.76175, 0.0351106, 2.13747, 24
-1.03333, 2.74483, 0.781821, 1.8692, 0.224349, -2.77573, -1.57683, -1.98108, 0.00885189, 0.704607, -1.06111, 1.41223, 1.63711, 1.74035, 0.269079, 1.78635, 24
-0.23487, 2.72151, 0.93929, 2.68745, -1.23286, -3.47114, -1.79466, -1.72446, 0.709865, -0.276616, -1.73503, 1.22481, 1.7395, 1.77714, -0.194361, 2.32346, 24
-0.393557, 2.36506, 0.519291, 2.06108, -0.160335, -2.72786, -1.41613, -1.26284, 1.01553, -0.140643, -1.17164, 1.3988, 1.33051, 1.31634, 0.311205, 1.83636, 24
0.585823, 3.0567, 1.23874, 2.75115, -0.720953, -3.86756, -1.94854, -1.64155, 0.441711, 0.079261, -1.71276, 0.69707, 1.73395, 1.77894, 0.223681, 2.66719, 24
-1.58926, 4.61693, 2.35872, 4.75019, -0.361547, -5.68994, -3.01628, -2.77157, 1.23099, -0.805271, -1.73254, 1.57182, 2.78795, 3.01895, -0.0173644, 3.64925, 24
-1.08004, 4.44822, 2.11113, 4.6265, -0.58218, -5.68756, -3.22648, -2.68908, 1.23104, -0.583617, -2.06556, 1.52408, 2.98917, 2.89952, -0.350623, 3.66155, 24
0.379737, 0.0200597, 0.912233, -0.129852, -0.238268, 0.388126, -0.0379292, -0.112881, -0.0763431, 0.100387, 0.404095, 0.214908, 0.119515, -0.309956, 0.568807, -0.284262, 25
-1.05765, 0.0361459, 0.48775, -0.0729011, 0.326841, 0.291199, 0.0463866, 0.0810211, -0.842609, -0.226647, -0.367767, -0.383864, -0.102033, -0.238755, 0.719444, -0.210941, 25
-1.06711, 0.176631, 0.691952, -0.0145577, -0.03465, 0.300652, -0.368381, 0.0159063, -0.101336, 0.322651, -0.0343928, -0.260694, 0.0329129, -0.190046, 0.889684, -0.201975, 25
-0.975977, -0.368195, 0.698134, -0.951572, -0.454863, 0.346273, 0.294818, -0.0838218, -0.39947, -0.133337, 0.238582, -0.573196, -0.234978, -0.325046, 0.653096, -0.205757, 25
-1.20492, -0.555746, 0.804072, -1.14372, -0.95889, 0.472773, 0.262069, 0.102838, -0.569543, -0.03679, 0.930774, -1.53918, -0.431607, -0.442328, 0.189479, -0.233481, 25
-0.82259, -0.119023, 0.841696, -0.572544, -0.327729, 0.00991804, -0.19733, -0.337811, -0.579186, -0.153739, 0.498133, -0.172484, 0.0423138, -0.125816, 0.484613, 0.0733097, 25
-0.649531, 0.332798, 1.43698, -0.104871, 0.274954, -0.219807, -0.585762, -0.327073, -0.0899137, -0.228032, 0.669799, -0.239939, 0.227651, 0.0491801, 0.360951, 0.204504, 25
-1.27708, 0.277325, 1.29855, -0.0523975, 0.0693753, 0.0542283, -0.358969, 0.12972, 0.40377, -0.137179, -0.187877, -0.712638, 0.0309732, -0.307803, 0.882209, 0.0792011, 25
-1.00592, 0.508755, 0.994152, -0.478072, -0.783171, -0.51247, -0.423537, -0.64547, -0.0144212, -0.240986, 1.01126, 0.358912, 0.21232, 0.109847, -0.118012, 0.445259, 25
-1.2442, 0.870328, 1.11292, 0.520077, -0.130221, -0.734657, -0.64419, -0.196632, -1.04445, -0.192049, -0.109478, 0.247122, 0.396729, 0.193974, 1.03483, 0.587779, 25
-1.28298, 0.113084, 0.281269, -0.213222, -0.934284, 0.35389, -0.0658923, -0.380535, -0.550803, -1.13718, 0.128727, 0.0230817, -0.0203704, -0.0744644, 0.294573, -0.195411, 26
-0.753051, -0.296551, 0.196488, -0.551347, -0.162814, 0.538977, 0.0970794, 0.137617, 0.0825678, 0.230253, 0.543337, -0.234559, -0.360811, -0.374137, 0.743555, -0.143455, 26
-0.799083, -0.255227, 0.859708, -0.513989, -0.553402, 0.182223, 0.00749469, -0.555664, -0.20151, -0.449287, 0.818181, -0.561275, -0.0667973, -0.0196347, 0.285962, 0.0547338, 26
-2.47669, 0.920342, 1.70426, 1.23682, 0.209316, -1.02772, -0.758261, -1.08064, -0.251892, -0.19195, 0.323239, -0.776637, 0.667195, 0.689531, 0.456494, 0.696964, 26
-2.72225, 1.85882, 2.3248, 1.92534, 0.502842, -2.06891, -1.62773, -0.974261, 0.186074, -1.66413, -0.403182, -0.224967, 1.27168, 1.24495, 0.0884277, 1.31231, 26
-0.18661, 0.634002, 0.489595, 0.63005, -1.05525, -0.724483, -0.665992, -0.887072, 0.210941, -1.28064, 0.33142, -0.0419964, 0.513671, 0.23002, 0.399773, 0.627946, 26
-0.889138, -0.10412, 0.111074, 0.148785, -0.340087, 0.104946, 0.459243, 0.483222, -0.624644, -0.519832, -0.167891, -0.799116, -0.0605582, -0.270065, 0.407779, 0.156651, 26
-1.31564, 1.31027, 1.39207, 1.62384, -0.323838, -1.47062, -1.1373, -0.900675, -0.140392, 0.125964, 0.182756, -1.2974, 0.809252, 0.685987, -0.457569, 1.05945, 26
-0.468149, 0.891317, 0.786016, 1.26253, -0.499751, -1.30359, -0.898581, -0.515463, -0.33802, -0.809005, -0.143914, -0.218258, 0.725999, 0.525478, 0.807911, 1.02854, 26
-1.40182, 1.74036, 1.9377, 2.06196, -0.156407, -2.09449, -1.46346, -0.837582, 0.643495, -0.333079, 0.0814678, -0.521943, 1.1254, 1.01583, 0.202392, 1.48437, 26
-1.20133, 1.77131, 0.785752, 0.285261, -0.586513, -0.772239, -0.967101, -1.19579, 1.5195, -0.304708, 0.0971161, 0.437916, 0.744368, 0.62255, 0.420889, 0.483487, 27
-0.81514, 0.955204, 1.27347, -0.28925, 0.149508, -0.620877, -0.717388, -1.54893, 0.3593, -0.928282, 0.27049, 0.17127, 0.441912, 0.252401, -0.467255, 0.516924, 27
-1.12982, 2.03208, 0.7635, 0.213661, 0.747173, -1.18148, -1.04547, -1.38157, 1.51239, -1.41615, -0.555054, 0.342982, 0.751571, 0.738266, -0.541474, 0.89494, 27
-1.30257, 2.30492, 1.11476, 0.541683, -0.181314, -1.7873, -1.43018, -1.63946, 1.58472, -1.1096, -0.309922, 0.361417, 1.07397, 1.06944, -0.163212, 1.32586, 27
-2.2553, 2.87854, 1.25225, 1.17692, 0.471755, -2.3017, -1.54019, -1.95567, 1.32022, -1.01698, -0.0239069, 0.756772, 1.34138, 1.29968, -0.133633, 1.66985, 27
-2.34037, 4.44167, 3.1759, 2.66719, -0.728405, -2.54712, -2.25828, -2.79319, 2.42088, -0.282956, -0.516964, 0.929089, 1.84045, 1.98748, 0.162184, 1.4789, 27
-2.00247, 5.19564, 2.94373, 3.50577, 0.946292, -3.06403, -2.72539, -2.32357, 1.42946, -0.158542, -0.784328, 1.61273, 2.43234, 2.23627, 1.18504, 1.79862, 27
-2.2934, 5.08038, 3.31112, 3.0124, 0.832259, -3.26141, -2.61382, -2.84716, 2.53832, -0.808579, -0.346284, 1.29171, 2.28474, 2.20644, 0.469141, 2.00168, 27
-3.58343, 5.07634, 2.70376, 2.93094, 0.859767, -3.43304, -2.32235, -2.85851, 2.38019, -0.671131, -0.966455, 1.52508, 2.23865, 2.30736, 0.103799, 2.20413, 27
-3.61966, 4.7379, 3.45647, 2.26976, 1.24397, -3.42271, -2.55148, -2.8454, 1.94507, -0.734164, -0.620554, 1.39244, 2.18215, 2.10203, 0.191626, 2.29578, 27
-1.59984, 1.053, 0.257809, 0.771809, -0.005394, -1.65681, -0.81707, -0.703634, -0.497894, -1.89696, -0.612878, -0.163925, 0.915622, 0.792314, -0.531508, 1.18461, 28
-2.212, 4.11498, 1.47983, 2.5351, 0.475458, -3.02226, -1.87746, -2.72712, 1.58295, -1.24356, -1.85786, 1.0564, 1.77065, 1.68995, -0.453438, 1.89447, 28
-2.13763, 2.02901, 1.42938, 1.6491, 0.318462, -2.44672, -1.18566, -1.59639, -0.251431, -1.61466, -0.325993, -0.120907, 1.21012, 1.29469, -0.337361, 1.68588, 28
-1.05805, 2.81307, 0.77046, 1.68724, 0.293576, -2.51068, -1.22517, -1.04296, 0.439906, 0.0791015, -1.56845, 1.391, 1.51483, 1.26986, 1.58931, 1.64691, 28
-1.69625, 4.0486, 1.55809, 2.51817, -0.0389606, -3.41507, -2.22706, -2.40543, 2.07738, -1.6072, -0.320394, 1.28548, 1.95541, 1.78875, -0.281992, 2.23234, 28
-1.9335, 2.36508, 1.15894, 1.85202, -0.068014, -3.01174, -1.55492, -1.41303, -0.0121674, -1.93935, -0.296509, 0.0833427, 1.62352, 1.4803, -0.263869, 2.093, 28
-2.4523, 3.83381, 2.21561, 2.71954, -0.43397, -3.48427, -2.3106, -2.7692, 1.67882, -1.5435, -0.978083, 1.0497, 2.07097, 1.76719, 0.726946, 2.29669, 28
-2.69057, 3.05273, 2.72255, 2.32565, 0.0619512, -3.39549, -2.22431, -2.18252, 0.504179, -0.73506, 0.0865957, -0.653336, 1.83886, 1.41547, -0.105002, 2.22693, 28
-2.41026, 4.55833, 1.59099, 3.55016, 1.08439, -3.69328, -2.63273, -2.99698, 1.27883, -2.08942, -1.46524, 0.0884932, 2.21003, 1.92449, 0.625909, 2.36131, 28
-3.17541, 2.85983, 1.01856, 2.17019, 0.560988, -3.49657, -1.71939, -1.74194, -1.26021, -1.87352, 0.776892, 0.889697, 1.63255, 1.61978, -0.549549, 2.50565, 28
-0.459402, 2.53744, 0.518767, 1.73217, 1.04501, -1.61161, -1.65473, -1.0268, 0.324291, 0.536772, 1.15424, 1.11929, 1.27076, 1.55726, -0.441877, 0.545614, 29
-0.0737258, 2.4527, 1.12474, 2.09283, 0.528132, -1.8697, -1.43858, -1.23258, -0.263176, 0.803831, 0.0925367, 0.892589, 1.36212, 1.62177, -0.881626, 0.794159, 29
-1.49359, 3.79026, 1.41885, 2.72783, 1.05413, -2.90984, -2.24467, -1.78687, 0.3508, -0.0168553, 0.534046, 1.12144, 1.94283, 2.23989, -0.330392, 1.46563, 29
-0.393446, 2.39049, 0.451738, 2.48354, 0.667359, -1.74354, -1.45384, -0.89792, 0.854097, 1.00279, -0.153076, 0.397428, 1.29625, 1.48429, -0.948953, 0.842513, 29
-0.357614, 2.81747, 0.950663, 2.37829, 1.51349, -1.84515, -1.72828, -0.978795, 0.856041, 0.297291, -0.694824, 0.612999, 1.29536, 1.4065, -0.92481, 0.9745, 29
-1.1767, 3.2532, 1.19455, 2.42705, 0.701882, -2.03436, -1.88381, -1.39952, -0.147749, -0.665801, -0.248706, 0.508185, 1.35578, 1.50516, -0.706514, 1.1403, 29
0.0491597, 3.12386, 0.645612, 2.71845, 0.687385, -2.31402, -1.6781, -0.838786, 0.848791, 0.468952, 0.0118092, 0.838515, 1.53509, 1.6515, -1.08596, 1.33135, 29
-0.542661, 3.67523, 1.43189, 2.63378, 0.285585, -2.65816, -2.16207, -1.21345, 1.08298, 0.054933, -1.28747, 0.737982, 1.6799, 1.76251, 0.548038, 1.57294, 29
-1.73775, 5.56271, 1.99303, 4.28293, 0.903893, -4.90218, -3.25158, -2.52213, -0.302347, -0.790211, -0.994691, 1.0771, 2.88434, 3.14291, 0.496595, 2.91383, 29
-2.13372, 5.59934, 2.17997, 4.39374, 1.30038, -4.79124, -3.25141, -2.27988, 0.74032, -0.43191, 0.343078, 1.68894, 2.90338, 2.96896, -0.727254, 2.90494, 29
-0.113774, 3.40664, 1.54949, 3.1922, 0.693596, -2.38834, -2.11078, -1.44722, 0.572689, -0.0390072, -0.280283, 0.996982, 1.75459, 1.66399, 0.343427, 1.3442, 30
-0.191412, 4.02542, 1.40057, 3.30519, 0.573217, -3.22559, -2.49576, -1.94243, 0.919081, 0.582768, -0.42643, 1.50645, 2.05932, 2.07959, 0.98057, 1.91993, 30
-0.05945, 3.84758, 1.09922, 2.98552, 0.883763, -2.7775, -1.99921, -0.889915, 0.554771, 0.326736, 0.0863284, 0.907207, 1.72794, 1.7068, 0.372408, 1.74062, 30
-0.829995, 4.71826, 2.29729, 3.63125, 1.11924, -4.00097, -2.99951, -2.10151, 0.84852, 0.569101, -0.627073, 1.2393, 2.38556, 2.50978, 1.48744, 2.45314, 30
-0.977452, 5.41043, 2.60899, 4.10209, 1.34866, -4.83886, -3.21263, -2.38487, 0.852419, 0.47177, -0.628748, 1.46762, 2.85881, 2.85959, 1.14, 3.05063, 30
-0.608232, 4.50376, 1.54637, 3.62904, 0.994979, -3.38886, -2.72285, -1.97638, 1.11358, -0.46792, -0.839841, 1.05817, 2.16462, 2.203, 0.652538, 2.09864, 30
-0.585191, 4.72839, 1.57777, 3.82803, 0.910062, -4.44392, -2.87922, -1.41925, 0.881702, 0.442875, -0.205766, 1.50809, 2.48775, 2.49317, 0.889188, 2.89998, 30
-1.5328, 6.08895, 2.66195, 4.75526, 0.633227, -5.24698, -3.95094, -2.56206, 0.809384, 0.144863, 0.015451, 1.39045, 3.07648, 3.12715, 1.34262, 3.29033, 30
-0.628601, 4.71997, 1.39551, 3.96961, 1.56779, -4.08686, -2.93232, -1.85242, 0.961199, 0.127626, -0.597857, 0.968707, 2.45612, 2.48742, 0.608178, 2.63687, 30
-1.38794, 5.39419, 2.30199, 4.2567, 0.367582, -4.52464, -3.24689, -2.66588, 1.56026, -0.591609, 0.10479, 1.67316, 2.73333, 2.66106, 0.613024, 2.89416, 30
-1.49092, 5.43833, 3.32238, 4.82176, -0.0344581, -4.52696, -3.24126, -1.44038, 1.22581, -0.0893588, -0.116821, 1.17999, 2.74874, 2.79234, 1.12907, 2.81217, 31
-1.24292, 5.1392, 2.4629, 3.96051, -0.286849, -4.39099, -3.24832, -2.90694, 1.4562, -0.476055, 0.497877, 1.85531, 2.62879, 2.41107, 0.224451, 2.68469, 31
-0.893587, 3.65232, 1.79439, 2.85677, 0.473596, -3.49566, -2.32606, -2.28961, 1.53848, -0.427579, 1.37598, 0.909121, 1.967, 1.76294, 0.138415, 2.15559, 31
-1.95011, 4.38947, 1.9966, 3.22894, 0.0644819, -4.16891, -2.68449, -2.56114, 1.5644, -1.0435, 1.45649, 1.30932, 2.29278, 2.12546, -0.361226, 2.63069, 31
-1.11157, 3.257, 1.17344, 2.75373, -0.664626, -3.76494, -2.35334, -1.47077, 0.091424, -0.526611, 1.11408, 0.742094, 1.91144, 1.73738, -0.301025, 2.45662, 31
-2.88222, 6.40205, 3.73439, 4.89262, 0.173944, -4.96541, -3.91733, -2.50925, 0.61612, -2.4382, -0.453256, 1.19585, 3.21953, 3.04766, 1.17279, 2.93676, 31
-0.805784, 6.07581, 3.87243, 4.95742, -0.529555, -5.19303, -3.53089, -2.71216, 0.557369, -0.637829, 0.674864, 1.43002, 3.13838, 3.00037, 0.581832, 3.21028, 31
-3.44235, 6.90361, 4.2509, 5.45153, 0.459924, -5.32082, -4.01867, -2.37563, 0.641403, -1.26141, -1.18814, 1.53842, 3.38752, 3.24223, 1.71233, 3.21393, 31
-1.22541, 6.16595, 3.34996, 4.97863, 0.350184, -5.09868, -3.67251, -2.46638, 0.493577, -0.182143, 0.924262, 1.14159, 3.13446, 3.0442, 1.35716, 3.14907, 31
-2.12828, 5.30709, 2.61289, 4.04825, -0.0727373, -4.95565, -3.16505, -2.89342, 0.987259, -1.52443, 0.287754, 1.04605, 2.88379, 2.59774, -0.639629, 3.08127, 31
-0.0366597, -1.71685, -0.366249, -2.01209, -0.986245, 1.48297, 1.37374, 0.427621, 2.06712, -0.161516, -0.33416, 0.0954699, -1.05055, -0.974841, -1.0199, -0.740805, 32
-0.00877754, -0.445107, -0.442407, -1.31666, -0.0803332, 0.695016, 0.780475, 0.361356, 1.26292, 0.614914, -0.747401, 1.02389, -0.521615, -0.501937, -0.464538, -0.26137, 32
-1.39813, 0.313998, 0.583328, -0.933165, 0.0110564, -0.214228, 0.037463, -0.470541, 0.977093, -0.102012, 0.118444, 0.621401, 0.0758142, 0.053492, -0.388099, 0.317981, 32
0.791328, -1.40357, -1.47738, -1.56031, -0.578298, 0.409641, 1.12457, 0.329392, 1.20828, 0.222722, -0.524356, 0.162346, -0.643619, -0.719274, 0.2355, 0.133594, 32
-0.312219, 0.938728, 0.404699, -0.374514, -1.57168, -0.827435, -0.193956, -1.10776, 0.579985, -0.309364, 0.176308, 0.894528, 0.320536, 0.284802, -0.386847, 0.785595, 32
-0.0259365, 1.3465, 0.586926, 0.388829, -1.23539, -0.701248, -0.265025, -1.07835, 1.10601, -0.242849, 1.39982, 0.460531, 0.411845, 0.389886, -0.144835, 0.603972, 32
-0.955767, 2.16906, 0.978685, 1.02268, 0.76371, -1.00405, -0.689733, -0.456761, 0.978852, 1.10573, 1.03085, -0.320983, 0.644435, 0.775825, -0.309308, 0.683609, 32
-0.852837, 1.10316, 1.03761, -0.335048, -0.890853, -0.823017, -0.0724838, -0.356599, 1.60741, -0.440956, 0.220496, 1.0964, 0.21971, 0.300313, 0.149101, 0.793575, 32
-0.031022, 1.35273, 1.03601, 0.593215, -1.25553, -1.37098, -0.74199, -1.04018, 1.25174, -0.581545, 0.947979, 0.544774, 0.658781, 0.73531, 0.366029, 1.10655, 32
-1.35352, 2.55157, 0.790662, 1.60125, -0.370751, -2.0718, -1.3791, -1.43416, 1.4387, 0.393725, 0.855792, 0.692149, 1.21809, 1.20084, 0.678034, 1.4555, 32
-2.06694, 6.45236, 2.62142, 5.54766, 0.945366, -4.79057, -4.08869, -3.11627, -0.567775, -0.574131, -1.10502, 1.84713, 3.29269, 3.32616, 0.744697, 2.42494, 33
-1.91073, 6.4483, 2.70769, 5.29255, 1.33375, -5.35755, -3.92691, -3.4712, 0.537795, -0.408863, -0.529488, 2.4334, 3.38156, 3.39193, 0.396704, 2.90457, 33
-1.99242, 6.60469, 2.69985, 5.41756, 1.39489, -5.67285, -4.24136, -3.13755, 0.318509, -0.491095, -0.505174, 2.75401, 3.51078, 3.65885, 0.750782, 3.16495, 33
-1.7764, 7.2524, 2.92392, 5.49894, 1.31171, -6.26994, -4.43758, -3.51679, 0.890447, -0.8918, -0.290149, 2.25737, 3.76813, 3.73421, 0.733111, 3.63059, 33
-1.55811, 6.51943, 3.00049, 5.88187, 1.31099, -5.27757, -4.07775, -2.96835, 0.00192507, 0.294639, -0.809102, 2.05094, 3.43856, 3.44265, 0.273434, 3.01781, 33
-1.39879, 6.32359, 2.24545, 5.20899, 0.567992, -4.94463, -3.81043, -2.38219, 1.01393, -1.09084, -1.13915, 2.05356, 3.17328, 3.04594, 0.524247, 2.87256, 33
-2.44198, 7.05623, 3.3949, 6.21877, 1.39395, -6.16982, -4.29016, -3.31007, 0.22092, 0.0366331, -0.889131, 1.8503, 3.78306, 3.81118, 0.504622, 3.68461, 33
-2.31271, 7.18989, 2.85906, 5.75293, 1.59371, -6.11285, -3.9615, -2.98808, 0.853355, 0.0600522, -0.46198, 2.08424, 3.64909, 3.55735, 0.347963, 3.72363, 33
-1.73707, 7.92478, 3.38629, 6.28592, 0.656484, -6.22127, -4.53896, -3.30405, 0.648462, -0.915792, -1.38128, 2.38099, 3.94988, 3.88716, 0.615705, 3.6998, 33
-3.35237, 9.17022, 4.11721, 7.29882, 1.59669, -8.34632, -5.66105, -4.67279, 0.529298, -1.24023, -0.921994, 2.99232, 4.84305, 4.79562, 0.964694, 5.06574, 33
-3.6868, 8.0638, 4.29267, 6.25823, 0.755922, -6.96591, -5.13378, -4.13748, 0.884265, -0.966146, 0.671341, 3.40262, 4.23153, 4.03666, 0.75361, 4.07187, 34
-3.54892, 7.64597, 3.62279, 5.81243, 0.466311, -7.01778, -4.96309, -3.71341, 0.517701, -1.18699, -0.0663266, 2.50731, 4.19865, 3.97756, 0.322742, 4.17957, 34
-3.54373, 7.60185, 3.38979, 5.61819, 0.655472, -7.03517, -4.899, -3.71862, 0.684858, -0.721579, -0.31685, 2.41448, 4.13095, 3.89511, 0.215458, 4.25654, 34
-4.8589, 9.44768, 5.27957, 7.34884, 0.753511, -8.1197, -5.75022, -4.95922, 0.305613, -0.917913, -0.771914, 2.63624, 4.92523, 4.60259, 1.52707, 4.83597, 34
-4.39064, 9.7515, 5.95752, 7.98612, 0.292394, -9.22423, -6.34536, -5.15121, -0.0145752, -2.29, -0.066164, 3.46042, 5.4915, 5.16436, 1.56558, 5.60593, 34
-4.36836, 10.7392, 5.98865, 8.21228, 1.00172, -9.09089, -6.78793, -5.11611, 0.412376, -0.639199, 0.513362, 3.31059, 5.50397, 5.2026, 0.759864, 5.49134, 34
-4.97927, 10.4801, 6.16251, 8.24236, -0.15182, -9.95353, -6.69879, -5.08888, 0.567111, -3.072, -0.271227, 2.94593, 5.84509, 5.48408, 1.43758, 6.13378, 34
-4.95276, 11.9734, 6.49413, 8.96034, 1.03966, -9.84773, -7.38391, -5.83316, 1.54255, -1.25734, 1.04565, 3.59507, 6.04472, 5.77721, 1.0199, 5.94289, 34
-5.50291, 12.815, 6.34694, 9.36208, 0.708515, -10.1655, -7.58409, -6.02383, 2.07834, -0.922138, -0.441464, 3.49961, 6.27875, 6.01787, 1.02779, 6.1089, 34
-5.18308, 13.4832, 6.75529, 10.0845, 1.5031, -10.7488, -8.06169, -6.03926, 1.217, -1.34494, 0.0318021, 3.95297, 6.61954, 6.39611, 1.64942, 6.48859, 34
0.216788, 0.685912, 0.594418, 1.06183, 0.191098, -1.86804, -1.38342, 0.175946, -0.613668, -0.376595, 1.07458, 0.727847, 0.75177, 0.63362, 0.122679, 1.28566, 35
-1.67134, 2.49141, 1.55844, 2.03289, -1.00678, -2.26539, -1.67217, -1.30628, -0.252974, -0.227326, 1.94029, -0.0617381, 1.28481, 1.01091, 0.716025, 1.41156, 35
-2.33752, 4.04357, 2.60886, 2.92442, -0.0369468, -3.35579, -3.01253, -2.45174, 0.400239, 0.37371, -0.06959, 1.48914, 2.13834, 1.87543, 1.53792, 1.9998, 35
-2.96181, 4.44149, 2.98934, 3.3563, -0.272496, -3.69477, -2.88826, -2.38667, 0.287313, -1.42864, 1.34361, 1.73014, 2.22938, 1.93927, 0.676508, 2.24092, 35
-0.130082, -1.87335, -1.15554, -1.32768, -1.1731, 0.871747, 0.474391, 0.527042, -0.348479, 0.906103, -0.530924, -0.712916, -0.787434, -0.886934, 0.647434, -0.320282, 35
-1.19694, 0.251334, 0.522647, 0.214345, 0.106255, -0.150056, -0.237407, -0.447704, -0.287638, -0.545058, 0.199464, -0.139771, 0.0295391, -0.115403, 0.0162871, 0.19989, 35
-1.37284, 1.1778, 1.10399, 0.724467, 0.417703, -1.1512, -0.725769, -0.718771, 0.076871, -1.29745, 0.306716, 0.931024, 0.60649, 0.379837, 0.240564, 0.848157, 35
-0.458719, 0.470759, 0.387964, 0.545803, 0.123095, -0.630319, -0.391215, -0.275811, 0.78924, 0.568721, -0.0552165, 0.314367, 0.238907, 0.0675522, 0.422701, 0.545323, 35
0.566984, -1.37426, -0.856779, -0.77, -2.6925, -0.548242, 0.20191, 0.396207, -0.333311, -0.161831, -0.4954, 0.20943, -0.102299, -0.429814, -0.796192, 0.684112, 35
-1.56233, -0.450268, 0.436997, 0.140238, -1.33443, -0.177528, -0.570839, 0.0357399, 0.556794, 1.38423, -0.680693, -0.446445, -0.0189835, -0.144573, 1.99578, 0.295551, 35
0.807113, -2.59435, -1.11276, -1.86319, -0.00137368, 1.7907, 1.80108, 1.488, 0.770564, -0.0606622, -0.594988, -1.21152, -1.3455, -1.16251, -0.185654, -0.81086, 36
-1.00772, 2.97523, 1.87563, 2.61285, 0.847408, -1.58912, -2.18797, -1.41079, 1.78706, 0.0225456, -0.663142, 1.27115, 1.32929, 1.43311, 0.426922, 0.785422, 36
-0.848217, 3.35537, 1.92781, 2.93713, 1.41763, -1.82629, -1.8782, -1.34623, 1.44272, 0.196523, -0.442333, 0.828901, 1.40567, 1.42783, 1.18673, 1.01134, 36
-0.77349, 3.26582, 1.66776, 3.14487, 1.17554, -2.18627, -1.95857, -2.00305, 2.32461, -0.0145194, -1.83682, 1.1776, 1.56235, 1.62837, 0.688238, 1.29515, 36
0.226979, -1.66203, -1.54568, -1.02988, -0.261017, 0.600817, 1.14172, 0.916156, 0.669729, -0.574731, -0.0451173, -0.806991, -0.79307, -0.708966, 0.212042, 0.0448264, 36
-1.05492, 3.18146, 1.74093, 2.14371, 0.132384, -1.62007, -1.82425, -1.33041, 1.93399, 0.0910714, -0.652102, 1.80414, 1.23785, 1.14352, 0.689651, 0.990047, 36
-0.909696, 3.90697, 1.92411, 3.14696, 0.834795, -2.32829, -2.2631, -1.83566, 1.10275, 0.242863, -0.894022, 1.62471, 1.689, 1.57433, 1.48038, 1.42905, 36
-1.907, 4.31992, 2.90721, 3.66075, 1.5497, -2.75599, -2.44106, -2.44021, 1.18896, 0.300315, -0.656606, 1.0786, 1.97301, 1.91842, 1.28517, 1.68639, 36
-0.0659496, 3.11096, 2.27635, 2.52867, 0.982464, -1.79144, -1.57044, -1.82769, 1.96489, 0.628384, -0.316741, 1.32422, 1.25763, 1.19212, 0.905106, 1.23727, 36
-0.147352, 3.05807, 2.22346, 2.36195, -0.250767, -1.69489, -1.93483, -1.58656, 1.91838, 0.0599276, -0.77219, 1.34228, 1.24354, 1.09679, 0.986551, 1.1491, 36
-1.41423, -0.28948, 0.75923, -0.241688, -0.239477, 0.19022, -0.00945598, -0.203524, -0.210428, -0.808768, 0.690986, -0.252273, -0.0410336, -0.0184994, -0.478526, -0.0702327, 37
-3.63345, 5.53135, 3.29882, 3.89807, 0.340533, -3.31424, -3.35017, -3.57749, 0.0726753, -0.703991, 0.78728, 1.65073, 2.59163, 2.65951, 0.395569, 1.58742, 37
-1.28025, -0.410459, 0.646533, -0.129754, -0.186075, -0.363489, -0.165316, -0.306452, -0.181129, -0.75831, 1.59432, -0.7002, 0.142638, 0.102754, -0.68835, 0.397588, 37
-4.63113, 5.86443, 3.03857, 3.91925, 0.237218, -3.69076, -3.42315, -3.59923, 1.03391, -1.19894, 0.14936, 0.714017, 2.75409, 2.70603, 0.769151, 1.91577, 37
-3.7192, 7.53208, 4.7147, 4.91453, 0.573068, -4.43054, -4.25075, -4.30907, 0.387308, -1.26859, 1.72104, 0.994476, 3.33965, 3.37066, -0.00308128, 2.34313, 37
-4.11027, 6.91706, 4.05179, 4.68787, -0.217079, -4.56658, -4.12383, -3.69003, 0.333385, -0.881935, 0.976997, 1.56971, 3.17046, 3.14803, 0.0122231, 2.57993, 37
-2.02668, 2.06086, 1.50166, 1.5283, -0.431668, -1.82797, -1.49581, -1.09908, 0.0364223, -0.449604, -0.256501, 0.297924, 1.03817, 0.969726, -0.97399, 1.29442, 37
-4.2399, 7.39222, 4.2148, 5.36839, 1.05759, -4.81464, -4.43527, -4.38268, 1.5668, -1.56999, -0.87186, 1.65043, 3.46027, 3.40846, 0.465987, 2.70552, 37
-1.87197, 0.485322, 0.843431, 0.460928, 0.133922, -1.38135, -0.488847, -0.796287, 0.0713276, -0.534716, 0.512141, -0.680916, 0.522838, 0.448169, -0.475939, 1.27065, 37
-1.64251, 1.24548, 1.37321, 0.831198, 0.33042, -1.96153, -0.883831, -0.942556, -0.0764239, -0.601769, 0.751639, -0.261961, 0.878132, 0.801008, -0.371191, 1.62713, 37
-0.469964, 1.2945, 0.71172, 1.15142, 1.48693, 0.135103, -0.848629, -0.536707, 0.75719, -0.0849744, -0.961461, -0.520495, 0.337073, 0.413706, -0.299569, -0.296021, 38
-0.784259, 1.8572, 0.975659, 1.43968, 1.28942, -0.424639, -0.90462, -0.525022, 0.02626, 0.30256, 1.42117, 0.405668, 0.619625, 0.773833, 0.0581791, 0.0604028, 38
-1.89441, 4.06334, 2.80626, 2.8982, 1.71227, -1.60818, -2.19093, -1.85549, 0.542412, -0.805127, 1.03383, 0.645425, 1.49795, 1.562, 0.176999, 0.722537, 38
-1.63881, 2.44479, 1.73719, 1.77607, 0.76971, -0.586078, -1.06953, -1.17637, 0.344896, -0.557957, -0.400796, 0.301783, 0.73908, 0.84245, -0.0174216, 0.313839, 38
-1.29886, 2.87922, 1.35304, 2.14611, 1.40718, -1.33925, -1.4519, -0.972551, 0.395372, 0.335388, 0.764382, 0.230722, 1.10415, 1.22105, -0.00207593, 0.708967, 38
0.1115, 1.49609, 0.0102985, 1.07082, 1.0397, -0.717991, -0.859349, -0.185044, -0.435482, 0.50625, -0.639499, 0.297833, 0.576094, 0.614954, 0.032149, 0.456788, 38
-1.43518, 3.53709, 2.2064, 2.71053, 1.47622, -1.84421, -1.85579, -1.59153, 0.155636, -0.270015, 0.947781, 0.927165, 1.42322, 1.49596, 0.5132, 1.09876, 38
0.250474, 1.46931, 0.108552, 1.19575, 1.21367, -0.808127, -0.583399, 0.199015, -0.692344, 0.393079, -0.477409, -0.126046, 0.548853, 0.563478, -0.267683, 0.605747, 38
-1.99646, 3.17444, 2.06711, 2.099, 1.32929, -1.47544, -1.58923, -0.9679, 1.07298, 0.85998, 0.121542, 0.501262, 1.08839, 1.02896, 0.485034, 0.975694, 38
-1.02267, 3.39929, 1.31759, 2.53704, 2.50696, -2.12909, -1.89119, -0.897232, 0.864607, 0.466196, 0.981007, 0.582985, 1.38201, 1.50433, 0.371616, 1.33715, 38
-5.48471, 11.9042, 6.74356, 8.9431, 2.03992, -6.53016, -6.84388, -5.70399, 0.842093, -1.5223, 0.678355, 3.33915, 5.24944, 5.19271, 0.492896, 3.17092, 39
-6.3842, 13.5263, 7.5743, 9.95132, 2.46171, -7.64174, -7.90726, -6.45286, 0.98117, -1.87042, 0.160764, 3.90395, 6.04124, 5.93054, 1.37127, 3.86883, 39
-5.82763, 14.5412, 7.91737, 11.2571, 2.61602, -8.54452, -8.65038, -7.20293, 1.51261, -2.35716, 0.146458, 4.721, 6.67728, 6.68605, 1.55604, 4.37909, 39
-5.98354, 14.8899, 8.3674, 11.4579, 3.04495, -8.95088, -8.85088, -7.37025, 1.57273, -2.02821, -0.279589, 4.82161, 6.82654, 6.7953, 1.68569, 4.73364, 39
-5.96445, 13.3777, 7.92532, 10.0373, 2.6371, -8.23097, -7.92553, -6.57853, 0.406954, -1.60106, 0.401337, 4.10686, 6.1564, 6.01668, 1.65073, 4.44585, 39
-6.68611, 14.9045, 8.15179, 11.2456, 3.27388, -9.07528, -8.69555, -7.05012, 1.48067, -2.0908, 0.238821, 4.68165, 6.83943, 6.67056, 2.45442, 4.86544, 39
-5.77706, 12.597, 7.56061, 9.60481, 2.58703, -7.76856, -7.55263, -5.69346, 0.758287, -0.859066, -0.754997, 3.17227, 5.71724, 5.58524, 1.48882, 4.30684, 39
-4.89117, 12.3691, 7.27328, 9.511, 1.90346, -7.74945, -7.30215, -5.47753, 0.648936, -1.3338, -0.720289, 3.1099, 5.59804, 5.48664, 1.06658, 4.36444, 39
-5.79423, 14.3834, 8.11723, 10.7566, 3.17726, -9.51552, -8.54667, -6.98375, 0.83871, -1.60634, 0.000452757, 4.03526, 6.76726, 6.59955, 1.74235, 5.40681, 39
-6.77136, 14.8571, 7.89066, 10.9056, 3.42013, -9.35718, -8.72922, -7.26483, 1.7935, -1.11616, -0.932186, 4.66005, 6.75673, 6.59214, 2.20453, 5.274, 39
-0.098663, -1.38856, -0.39277, -0.696436, 0.940358, 0.0917242, 0.342352, 0.745901, -1.81746, 0.658258, 0.475198, -1.14655, -0.370432, -0.349791, 0.101072, 0.120921, 40
1.12923, -2.89429, -1.04, -1.68532, -0.959803, 1.36509, 1.42711, 1.19792, -1.25069, -0.158853, 0.115398, -1.5599, -1.12065, -1.10906, -0.00057689, -0.622072, 40
1.10707, -3.19099, -1.11633, -1.62026, -0.901693, 1.14129, 1.27566, 1.27176, -1.88855, 0.0893578, -0.144668, -1.7851, -1.09463, -1.04803, -0.38966, -0.426841, 40
-1.05275, 1.46079, 1.25362, 0.953161, 0.984884, -1.59412, -1.00429, -0.598575, -0.839145, -0.31642, 0.822242, 0.476419, 0.835669, 0.726165, 0.826249, 1.09834, 40
1.20707, -3.4566, -1.84224, -2.40822, -0.747085, 1.47996, 1.89527, 1.68131, -1.10563, -0.231407, 0.19669, -1.56282, -1.41023, -1.4867, -0.323997, -0.564416, 40
0.894281, -2.34233, -1.52182, -1.74372, 0.889329, 0.0956135, 0.94498, 1.16631, -0.560674, 0.580675, 1.96611, -0.842929, -0.633329, -0.630688, 0.0243562, 0.284636, 40
0.604282, -2.3373, -1.26995, -1.64386, -0.881101, 0.653755, 1.30133, 0.9715, -0.781776, -0.0182893, 0.0654276, -0.433947, -0.886957, -0.920654, 0.0850073, -0.0585796, 40
1.00517, -1.33921, -0.849291, -0.59827, 1.1743, -0.564791, 0.236566, 0.491644, -1.47367, 0.460296, 0.599621, -1.12436, -0.142562, -0.175822, 0.0534065, 0.682575, 40
0.530889, -3.31374, -1.7071, -2.68501, -1.05155, 1.09854, 1.75346, 1.26191, -0.799846, -0.0935234, -1.05196, -1.00022, -1.28655, -1.35806, -1.07933, -0.282351, 40
-0.0706248, -0.0774736, -0.0764759, -0.252712, 1.27154, -1.28514, -0.284601, -0.180252, -0.901747, 0.0266289, 0.51188, -0.252567, 0.312147, 0.303524, 0.437329, 1.06231, 40
